{"cameraMode":{"drawMode":0,"name":"Shaded","section":"Shading Mode"},"sceneLighting":true,"audioPlay":false,"sceneViewState":{"showFog":true,"showMaterialUpdate":false,"showSkybox":true,"showFlares":true,"showImageEffects":true,"showParticleSystems":true},"in2DMode":false,"pivot":{"x":1.3311221599578858,"y":-1.6064167022705079,"z":-0.760706901550293},"rotation":{"x":0.06256502866744995,"y":0.5219656825065613,"z":0.8498324751853943,"w":-0.03843311592936516},"size":28.983531951904298,"orthographic":false}