{"cameraMode":{"drawMode":0,"name":"Shaded","section":"Shading Mode"},"sceneLighting":true,"audioPlay":false,"sceneViewState":{"showFog":true,"showMaterialUpdate":false,"showSkybox":true,"showFlares":true,"showImageEffects":true,"showParticleSystems":true},"in2DMode":false,"pivot":{"x":3.599794387817383,"y":0.7150613069534302,"z":20.90595245361328},"rotation":{"x":-0.02878616936504841,"y":-0.03687954321503639,"z":0.001062961295247078,"w":-0.9989058971405029},"size":28.046585083007814,"orthographic":false}